{"cameraMode":{"drawMode":0,"name":"Shaded","section":"Shading Mode"},"sceneLighting":true,"audioPlay":false,"sceneViewState":{"m_AlwaysRefresh":false,"showFog":true,"showSkybox":true,"showFlares":true,"showImageEffects":true,"showParticleSystems":true,"showVisualEffectGraphs":true,"m_FxEnabled":true},"in2DMode":false,"pivot":{"x":-2.2291228771209719,"y":0.10977387428283692,"z":-2.4672012329101564},"rotation":{"x":-0.12044212222099304,"y":0.13122929632663728,"z":-0.016064448282122613,"w":-0.983879029750824},"size":4.594052791595459,"orthographic":false}